{"cameraMode":{"drawMode":0,"name":"Shaded","section":"Shading Mode"},"sceneLighting":false,"audioPlay":false,"sceneViewState":{"showFog":true,"showMaterialUpdate":false,"showSkybox":true,"showFlares":true,"showImageEffects":true,"showParticleSystems":true},"in2DMode":false,"pivot":{"x":30.900394439697267,"y":0.19539308547973634,"z":33.288299560546878},"rotation":{"x":-0.19503791630268098,"y":0.12758691608905793,"z":-0.02559816464781761,"w":-0.9721247553825378},"size":9.563422203063965,"orthographic":false}