{"cameraMode":{"drawMode":0,"name":"Shaded","section":"Shading Mode"},"sceneLighting":false,"audioPlay":false,"sceneViewState":{"showFog":true,"showMaterialUpdate":false,"showSkybox":true,"showFlares":true,"showImageEffects":true,"showParticleSystems":true},"in2DMode":false,"pivot":{"x":-0.13976430892944337,"y":0.9451569318771362,"z":0.31465721130371096},"rotation":{"x":-0.19503791630268098,"y":0.12758691608905793,"z":-0.02559816464781761,"w":-0.9721247553825378},"size":6.0384368896484379,"orthographic":false}