{"cameraMode":{"drawMode":0,"name":"Shaded","section":"Shading Mode"},"sceneLighting":false,"audioPlay":false,"sceneViewState":{"showFog":true,"showMaterialUpdate":false,"showSkybox":true,"showFlares":true,"showImageEffects":true,"showParticleSystems":true},"in2DMode":false,"pivot":{"x":-0.45307135581970217,"y":0.8988909721374512,"z":-0.09157931804656983},"rotation":{"x":-0.13321298360824586,"y":-0.3431384563446045,"z":0.049231238663196567,"w":-0.9284862279891968},"size":6.4610595703125,"orthographic":false}