{"cameraMode":{"drawMode":0,"name":"Shaded","section":"Shading Mode"},"sceneLighting":false,"audioPlay":false,"sceneViewState":{"showFog":true,"showMaterialUpdate":false,"showSkybox":true,"showFlares":true,"showImageEffects":true,"showParticleSystems":true},"in2DMode":false,"pivot":{"x":607.8279418945313,"y":363.9522399902344,"z":-99.87249755859375},"rotation":{"x":-0.00008504214929416776,"y":-0.9999120235443115,"z":0.010500429198145867,"w":-0.00810257438570261},"size":1091.5968017578125,"orthographic":false}