{"cameraMode":{"drawMode":0,"name":"Shaded","section":"Shading Mode"},"sceneLighting":false,"audioPlay":false,"sceneViewState":{"showFog":true,"showMaterialUpdate":false,"showSkybox":true,"showFlares":true,"showImageEffects":true,"showParticleSystems":true},"in2DMode":false,"pivot":{"x":0.05185866355895996,"y":1.0065114498138428,"z":0.7081324458122253},"rotation":{"x":-0.13321298360824586,"y":-0.3431384563446045,"z":0.049231238663196567,"w":-0.9284862279891968},"size":5.5874834060668949,"orthographic":false}