{"cameraMode":{"drawMode":0,"name":"Shaded","section":"Shading Mode"},"sceneLighting":false,"audioPlay":false,"sceneViewState":{"showFog":true,"showMaterialUpdate":false,"showSkybox":true,"showFlares":true,"showImageEffects":true,"showParticleSystems":true},"in2DMode":false,"pivot":{"x":170.1693572998047,"y":500.4194641113281,"z":-109.8466796875},"rotation":{"x":-0.00008504215657012537,"y":-0.9999120831489563,"z":0.010500430129468441,"w":-0.008102575317025185},"size":2514.581298828125,"orthographic":false}