{"cameraMode":{"drawMode":0,"name":"Shaded","section":"Shading Mode"},"sceneLighting":false,"audioPlay":false,"sceneViewState":{"showFog":true,"showMaterialUpdate":false,"showSkybox":true,"showFlares":true,"showImageEffects":true,"showParticleSystems":true},"in2DMode":false,"pivot":{"x":-0.012064695358276368,"y":0.9993331432342529,"z":-0.22936463356018067},"rotation":{"x":-0.19503791630268098,"y":0.12758691608905793,"z":-0.02559816464781761,"w":-0.9721247553825378},"size":4.922457695007324,"orthographic":false}