{"cameraMode":{"drawMode":0,"name":"Shaded","section":"Shading Mode"},"sceneLighting":false,"audioPlay":false,"sceneViewState":{"showFog":true,"showMaterialUpdate":false,"showSkybox":true,"showFlares":true,"showImageEffects":true,"showParticleSystems":true},"in2DMode":false,"pivot":{"x":39.63807678222656,"y":-34.05415344238281,"z":4.0531768798828129},"rotation":{"x":-0.19503448903560639,"y":-0.37701407074928286,"z":0.08154121041297913,"w":-0.9017610549926758},"size":249.4029998779297,"orthographic":false}