{"cameraMode":{"drawMode":0,"name":"Shaded","section":"Shading Mode"},"sceneLighting":false,"audioPlay":false,"sceneViewState":{"showFog":true,"showMaterialUpdate":false,"showSkybox":true,"showFlares":true,"showImageEffects":true,"showParticleSystems":true},"in2DMode":false,"pivot":{"x":77.05830383300781,"y":-14.805465698242188,"z":-281.07623291015627},"rotation":{"x":0.23342616856098176,"y":0.6589128375053406,"z":-0.2267993837594986,"w":0.6781653165817261},"size":167.4060821533203,"orthographic":false}