{"cameraMode":{"drawMode":0,"name":"Shaded","section":"Shading Mode"},"sceneLighting":false,"audioPlay":false,"sceneViewState":{"showFog":true,"showMaterialUpdate":false,"showSkybox":true,"showFlares":true,"showImageEffects":true,"showParticleSystems":true},"in2DMode":false,"pivot":{"x":32.21369552612305,"y":4.852020740509033,"z":32.048667907714847},"rotation":{"x":0.010236979462206364,"y":-0.9740868806838989,"z":0.22140811383724214,"w":0.04503779858350754},"size":7.972905158996582,"orthographic":false}