{"cameraMode":{"drawMode":0,"name":"Shaded","section":"Shading Mode"},"sceneLighting":false,"audioPlay":false,"sceneViewState":{"showFog":true,"showMaterialUpdate":false,"showSkybox":true,"showFlares":true,"showImageEffects":true,"showParticleSystems":true},"in2DMode":false,"pivot":{"x":81.02823638916016,"y":-10.125099182128907,"z":62.82146453857422},"rotation":{"x":0.013714494183659554,"y":-0.9862526655197144,"z":0.12042320519685745,"w":0.11231979727745056},"size":19.337833404541017,"orthographic":false}