{"cameraMode":{"drawMode":0,"name":"Shaded","section":"Shading Mode"},"sceneLighting":false,"audioPlay":false,"sceneViewState":{"showFog":true,"showMaterialUpdate":false,"showSkybox":true,"showFlares":true,"showImageEffects":true,"showParticleSystems":true},"in2DMode":false,"pivot":{"x":-0.13916000723838807,"y":0.9948904514312744,"z":0.07597258687019348},"rotation":{"x":-0.13321298360824586,"y":-0.3431384563446045,"z":0.049231238663196567,"w":-0.9284862279891968},"size":4.750452041625977,"orthographic":false}