{"cameraMode":{"drawMode":0,"name":"Shaded","section":"Shading Mode"},"sceneLighting":false,"audioPlay":false,"sceneViewState":{"showFog":true,"showMaterialUpdate":false,"showSkybox":true,"showFlares":true,"showImageEffects":true,"showParticleSystems":true},"in2DMode":false,"pivot":{"x":47.27499008178711,"y":9.688356399536133,"z":33.841148376464847},"rotation":{"x":-0.24588844180107118,"y":-0.6684340834617615,"z":0.2928171753883362,"w":-0.6379600167274475},"size":10.516449928283692,"orthographic":false}