{"cameraMode":{"drawMode":0,"name":"Shaded","section":"Shading Mode"},"sceneLighting":false,"audioPlay":false,"sceneViewState":{"showFog":true,"showMaterialUpdate":false,"showSkybox":true,"showFlares":true,"showImageEffects":true,"showParticleSystems":true},"in2DMode":false,"pivot":{"x":0.2702970504760742,"y":1.4971966743469239,"z":0.9211139678955078},"rotation":{"x":-0.19503791630268098,"y":0.12758691608905793,"z":-0.02559816464781761,"w":-0.9721247553825378},"size":12.463425636291504,"orthographic":false}