{"cameraMode":{"drawMode":0,"name":"Shaded","section":"Shading Mode"},"sceneLighting":false,"audioPlay":false,"sceneViewState":{"showFog":true,"showMaterialUpdate":false,"showSkybox":true,"showFlares":true,"showImageEffects":true,"showParticleSystems":true},"in2DMode":false,"pivot":{"x":33.42413330078125,"y":2.715388298034668,"z":33.931365966796878},"rotation":{"x":-0.08591613173484802,"y":-0.14887326955795289,"z":0.012984718196094036,"w":-0.985031247138977},"size":6.074408531188965,"orthographic":false}