{"cameraMode":{"drawMode":0,"name":"Shaded","section":"Shading Mode"},"sceneLighting":false,"audioPlay":false,"sceneViewState":{"showFog":true,"showMaterialUpdate":false,"showSkybox":true,"showFlares":true,"showImageEffects":true,"showParticleSystems":true},"in2DMode":false,"pivot":{"x":33.16961669921875,"y":2.8853964805603029,"z":28.223873138427736},"rotation":{"x":-0.11399873346090317,"y":-0.3371042013168335,"z":0.04116120561957359,"w":-0.9336332082748413},"size":5.05045223236084,"orthographic":false}