{"cameraMode":{"drawMode":0,"name":"Shaded","section":"Shading Mode"},"sceneLighting":false,"audioPlay":false,"sceneViewState":{"showFog":true,"showMaterialUpdate":false,"showSkybox":true,"showFlares":true,"showImageEffects":true,"showParticleSystems":true},"in2DMode":false,"pivot":{"x":25.033153533935548,"y":2.3539180755615236,"z":39.524574279785159},"rotation":{"x":-0.020644178614020349,"y":-0.9495135545730591,"z":0.15440486371517182,"w":-0.2723179757595062},"size":2.7380285263061525,"orthographic":false}