{"cameraMode":{"drawMode":0,"name":"Shaded","section":"Shading Mode"},"sceneLighting":false,"audioPlay":false,"sceneViewState":{"showFog":true,"showMaterialUpdate":false,"showSkybox":true,"showFlares":true,"showImageEffects":true,"showParticleSystems":true},"in2DMode":false,"pivot":{"x":-7.949674606323242,"y":-1.0388413667678834,"z":2.983304738998413},"rotation":{"x":0.12119758129119873,"y":0.847740113735199,"z":-0.21990935504436494,"w":0.4672127962112427},"size":5.767693996429443,"orthographic":false}