{"cameraMode":{"drawMode":0,"name":"Shaded","section":"Shading Mode"},"sceneLighting":false,"audioPlay":false,"sceneViewState":{"showFog":true,"showMaterialUpdate":false,"showSkybox":true,"showFlares":true,"showImageEffects":true,"showParticleSystems":true},"in2DMode":false,"pivot":{"x":728.5462646484375,"y":231.31146240234376,"z":967.882080078125},"rotation":{"x":0.03374612703919411,"y":0.20686951279640199,"z":-0.007139828987419605,"w":0.9777603149414063},"size":1656.896240234375,"orthographic":false}